"","weights","Phenotype","beta","std","p","R2","Incremental_R2","AUC","Incremental_AUC"
"1","MDD","MDD",0.594367696525523,0.100082249420266,2.87129276960933e-09,NA,NA,0.712719627071317,0.10886901808086
"2","GHQ_total","MDD",0.312621701661841,0.100097246091445,0.00178908388931421,NA,NA,0.650905831509008,0.0470552225185513
"3","MDD","GHQ_D",0.0675163500692683,0.017325962635194,9.93912449000956e-05,0.00893724982803928,0.00455220141671481,NA,NA
"4","GHQ_total","GHQ_D",0.0656874311513043,0.0173669336434159,0.000158118464208304,0.00867479429430626,0.0042897458829818,NA,NA
